1063	Document conversion	文件轉換中心	文書変換	문서 변환
1122	Local processing, no cloud conversion, no account	本機處理、不使用雲端轉換、無帳號	ローカル処理、クラウド変換なし、アカウント不要	로컬 처리, 클라우드 변환 없음, 계정 없음
1064	Convert documents	文件轉換	文書を変換	문서 변환
914	Convert	轉換	変換	변환
1065	Close document conversion	關閉文件轉換中心	文書変換を閉じる	문서 변환 닫기
1066	Convert local documents to Word, ebooks, markup or PDF. Multiple input files are combined into one output document.	選擇本機文件，轉換為 Word、電子書、標記文字或 PDF。多個輸入檔案會合併為一個輸出文件。	ローカル文書を Word、電子書籍、マークアップ、PDF に変換します。複数の入力は一つの文書に結合されます。	로컬 문서를 Word, 전자책, 마크업 또는 PDF로 변환합니다. 여러 입력 파일은 하나의 출력 문서로 합쳐집니다.
1067	Choose input files…	選擇輸入文件…	入力ファイルを選択…	입력 문서 선택…
1068	No input files selected	尚未選擇輸入檔案	入力ファイル未選択	선택한 입력 파일 없음
1069	Input format	輸入格式	入力形式	입력 형식
1070	Output format	輸出格式	出力形式	출력 형식
1071	Detect automatically	自動辨識	自動判定	자동 감지
1072	Reader extensions	讀取擴充功能	読み取り拡張	읽기 확장 기능
1073	For example +smart-raw_html; leave blank for defaults	例如 +smart-raw_html；留空使用預設擴充功能	例: +smart-raw_html（空欄で既定値）	예: +smart-raw_html; 기본값은 비워 두세요
1074	Show available extensions	檢視可用擴充功能	利用可能な拡張を表示	사용 가능한 확장 보기
1075	Standalone document	完整文件	単独文書	독립 문서
1076	Table of contents	產生目錄	目次を作成	목차 생성
1077	Number sections	章節編號	章番号	장 번호
1078	Format citations and bibliography	排版引用與參考文獻	引用と参考文献を整形	인용 및 참고 문헌 서식
1079	Choose output file…	選擇輸出檔案…	出力ファイルを選択…	출력 파일 선택…
1080	Advanced options, templates and filters	進階選項、範本與篩選器	詳細設定、テンプレート、フィルター	고급 옵션, 템플릿 및 필터
1081	Bibliography file…	參考文獻檔案…	参考文献ファイル…	참고 문헌 파일…
1082	Citation style (CSL)…	引用樣式 CSL…	引用スタイル CSL…	인용 스타일 CSL…
1083	Document template…	文件範本…	文書テンプレート…	문서 템플릿…
1084	Reference Word / ODT…	參考 Word / ODT…	参照 Word / ODT…	참조 Word / ODT…
1085	Lua filter…	Lua 篩選器…	Lua フィルター…	Lua 필터…
1086	Defaults configuration…	Defaults 設定…	Defaults 設定…	Defaults 설정…
1087	Metadata file…	中繼資料檔案…	メタデータファイル…	메타데이터 파일…
1088	Style sheet…	樣式表…	スタイルシート…	스타일 시트…
1089	Additional arguments (JSON string array)	附加參數（JSON 字串陣列）	追加引数（JSON 文字列配列）	추가 인수(JSON 문자열 배열)
1090	Selected option files are added to the arguments. You can specify custom readers/writers here; Lua filters execute the selected scripts.	選項檔案會加入參數陣列。可在此指定自訂讀寫器；Lua 篩選器會執行所選指令碼。	選択したファイルを引数に追加します。独自の読取・書出機能を指定できます。Lua フィルターは選択したスクリプトを実行します。	선택한 옵션 파일이 인수에 추가됩니다. 사용자 정의 읽기/쓰기 도구를 지정할 수 있으며 Lua 필터는 선택한 스크립트를 실행합니다.
1091	Show engine argument help	檢視引擎參數說明	エンジン引数のヘルプ	엔진 인수 도움말 보기
1092	Conversion runs locally. Online resources or network arguments may cause downloads; no cloud conversion service is used.	轉換由本機引擎完成。文件中的網路資源及網路參數可能產生下載請求，不使用雲端轉換服務。	変換はローカルで実行します。ネット上のリソースや引数によってダウンロードが発生する場合があります。クラウド変換サービスは使用しません。	변환은 로컬에서 실행됩니다. 온라인 리소스나 네트워크 인수는 다운로드를 요청할 수 있으며 클라우드 변환 서비스는 사용하지 않습니다.
194	Ready	準備就緒	準備完了	준비됨
1093	Show in folder	在資料夾中顯示	フォルダーに表示	폴더에서 보기
1094	Cancel conversion	取消轉換	変換をキャンセル	변환 취소
1095	Convert	開始轉換	変換開始	변환 시작
1096	PDF · built-in layout	PDF · 青頁內建排版	PDF · 内蔵組版	PDF · 내장 조판
1097	PDF · external Pandoc engine	PDF · Pandoc 外部排版	PDF · Pandoc 外部組版	PDF · Pandoc 외부 조판
1098	Writer specified in advanced arguments	由進階參數指定寫出器	詳細引数で書出機能を指定	고급 인수에서 쓰기 도구 지정
1099	Built-in {version} · {readers} inputs · {writers} outputs	內建 {version} · {readers} 種輸入 · {writers} 種輸出	内蔵 {version} · 入力 {readers} 形式 · 出力 {writers} 形式	내장 {version} · 입력 {readers}개 · 출력 {writers}개
1100	{count} input files selected	已選擇 {count} 個輸入檔案	入力ファイル {count} 個を選択	입력 파일 {count}개 선택됨
1101	Loading engine information…	正在讀取引擎資訊…	エンジン情報を読み込み中…	엔진 정보 읽는 중…
1102	Conversion engine unavailable	轉換引擎無法使用	変換エンジンを利用できません	변환 엔진을 사용할 수 없음
1103	Converting documents…	正在轉換文件…	文書を変換中…	문서 변환 중…
1104	Laying out PDF…	正在排版 PDF…	PDF を組版中…	PDF 조판 중…
1105	Saving output…	正在儲存輸出…	出力を保存中…	출력 저장 중…
1106	Canceling conversion…	正在取消轉換…	変換をキャンセル中…	변환 취소 중…
1107	Conversion complete	轉換完成	変換完了	변환 완료
1108	Conversion canceled	轉換已取消	変換をキャンセルしました	변환 취소됨
1109	Conversion failed	轉換失敗	変換失敗	변환 실패
1110	Document conversion complete	文件轉換完成	文書変換が完了しました	문서 변환 완료
1111	Choose documents to convert	選擇轉換文件	変換する文書を選択	변환할 문서 선택
1112	Choose conversion output	選擇轉換輸出	変換出力を選択	변환 출력 선택
1113	Choose option file	選擇選項檔案	オプションファイルを選択	옵션 파일 선택
1114	Document engine (built-in Pandoc)	文件轉換引擎（內建 Pandoc）	文書変換エンジン（Pandoc 内蔵）	문서 변환 엔진(내장 Pandoc)
1115	Custom Pandoc path (blank uses built-in engine)	自訂 Pandoc 路徑（留空使用內建引擎）	Pandoc パス（空欄で内蔵エンジン）	Pandoc 경로(비워 두면 내장 엔진 사용)
1116	Import… (built-in converter)	匯入…（內建轉換引擎）	インポート…（内蔵エンジン）	가져오기…(내장 변환 엔진)
1117	Word / EPUB / Markdown / PDF · built-in converter	Word / EPUB / Markdown / PDF · 內建轉換引擎	Word / EPUB / Markdown / PDF · 内蔵変換	Word / EPUB / Markdown / PDF · 내장 변환 엔진
1118	PDF uses built-in layout, without TeX installation. Page breaks and styles may differ from LaTeX.	PDF 使用青頁內建排版，無需安裝 TeX。分頁和樣式可能與 LaTeX 不同。	PDF は内蔵組版を使うため TeX のインストールは不要です。改ページやスタイルは LaTeX と異なる場合があります。	PDF는 TeX 설치 없이 내장 조판을 사용합니다. 페이지 나누기와 스타일은 LaTeX와 다를 수 있습니다.
1119	Pandoc PDF requires an external layout engine. Specify an installed --pdf-engine in advanced arguments; missing engines will report errors.	Pandoc PDF 需要外部排版器。請在進階參數指定已安裝的 --pdf-engine；未安裝時會顯示引擎錯誤。	Pandoc PDF には外部組版エンジンが必要です。詳細引数の --pdf-engine でインストール済みのエンジンを指定してください。	Pandoc PDF는 외부 조판 엔진이 필요합니다. 고급 인수의 --pdf-engine에 설치된 엔진을 지정하세요.
1120	Chunked HTML exports as a ZIP containing the complete output directory.	分章節 HTML 匯出為 ZIP，內含完整輸出目錄。	章別 HTML は出力ディレクトリ全体を ZIP にして保存します。	장별 HTML은 전체 출력 폴더를 포함한 ZIP으로 저장됩니다.
1121	Specify a Lua writer using --to or a Defaults configuration in advanced arguments.	請在進階參數以 --to 指定 Lua 寫出器或 Defaults 設定。	詳細引数の --to または Defaults で Lua 書出機能を指定してください。	고급 인수의 --to 또는 Defaults 설정에서 Lua 쓰기 도구를 지정하세요.
