1531	GitHub flavour	GitHub 風格	GitHub 形式	GitHub 스타일
1532	PDF to Word / Excel / images	PDF 轉 Word / Excel / 圖片	PDF を Word / Excel / 画像に	PDF를 Word / Excel / 이미지로
1533	Word, Excel, images and more	Word、Excel、圖片與更多格式	Word、Excel、画像ほか	Word, Excel, 이미지 등
1534	Change crop box	修改裁切區域	トリミング範囲を変更	자르기 영역 변경
1535	All tools	全部工具	すべてのツール	모든 도구
1536	All tools (by category)	全部工具（依分類）	すべてのツール（分類別）	모든 도구(분류별)
1537	Other formats	其他格式	その他の形式	다른 형식
1538	built-in layout	內建排版	内蔵組版	내장 조판
1539	Encrypt, remove passwords, redact	加密、移除密碼與永久塗黑	暗号化・パスワード解除・墨消し	암호화, 암호 제거, 영구 삭제
1540	Stamps, watermarks, page numbers, headers	印章、浮水印、頁碼與頁首頁尾	スタンプ・透かし・ページ番号・ヘッダー	도장, 워터마크, 쪽 번호, 머리글
1541	Stamps & watermarks	印章與浮水印	スタンプと透かし	도장과 워터마크
1542	Merge PDFs	合併 PDF	PDF を結合	PDF 병합
1543	Merge, split, delete, rotate, reorder	合併、分割、刪除、旋轉與重排	結合・分割・削除・回転・並べ替え	병합, 분할, 삭제, 회전, 재정렬
1544	Export & convert	匯出與轉換	書き出しと変換	내보내기와 변환
1545	Tools	工具	ツール	도구
1546	Common formats	常用格式	よく使う形式	자주 쓰는 형식
1547	Read side by side	並排比較閱讀	並べて比較	나란히 비교
1548	Side by side and difference reports	並排閱讀與差異報告	並列表示と差分レポート	나란히 보기와 차이 보고서
1549	Scans & optimisation	掃描與最佳化	スキャンと最適化	스캔과 최적화
1550	Split into pages	分割為單頁	1 ページずつ分割	쪽별로 분할
1551	Extract pages	擷取頁面	ページを抽出	쪽 추출
1552	OCR, deskew, sharpen, compress	文字辨識、校正、銳化與壓縮	文字認識・傾き補正・シャープ・圧縮	문자 인식, 기울기 보정, 선명화, 압축
1553	More formats (conversion centre)	更多格式（文件轉換中心）	その他の形式（変換センター）	더 많은 형식(문서 변환 센터)
1554	Replace text, shapes, forms, markup	替換文字、圖形、表單與註解	文字の置換・図形・フォーム・注釈	텍스트 바꾸기, 도형, 양식, 주석
1555	Markup	標註	注釈	표시
1556	Compare	比較	比較	비교
1557	e-book	電子書	電子書籍	전자책
1558	Target format	目標格式	出力形式	대상 형식
1559	Edit content	編輯內容	内容を編集	내용 편집
1560	Edit outline	編輯大綱目錄	しおりを編集	개요 편집
1561	Web page	網頁	Web ページ	웹 페이지
1562	Choose documents	選擇文件	文書を選択	문서 선택
1563	Options & output	選項與輸出	オプションと出力	옵션과 출력
1564	Reorder / duplicate pages	重排 / 複製頁面	並べ替え / 複製	쪽 재정렬 / 복제
